NUMBER_HH,survey_freq,model_freq
2,113438.7402,114472
3,22650.6063,38737
4,9237.729462,12498
5,498.048245,4292
