Variable,survey_value,model_value
Tours per Person,1.257055711,1.4362110655436493
Trips per Person,3.694484858,3.994095828862332
Stops per Person,1.166542045,1.2734960287711974
Trips per Household,10.47561317,10.89498682678348
