Work,University,School,HDISTRICT
12.15970165362293,9.089308031356497,4.2342352755895325,Total
