Variable,value
Tours per Person,1.4362110655436493
Trips per Person,3.9940958288623323
Stops per Person,1.2734960287711974
Trips per Household,10.89498682678348
